Nombre,Direccion,Telefono,Web,Email,Sector,Ubicacion
Centro Estético En Madrid - Marta Aguayo,"C. de García Luna, 2, Chamartín, 28002 Madrid",+34 915 64 61 28,http://www.esteticamartaaguayo.com/,esteticamartaaguayo@gmail.com,estetica,Madrid
Soy Clínica Estética,"Calle del Príncipe de Vergara, 67, Salamanca, 28006 Madrid",+34 722 55 21 95,http://www.soymedicinaestetica.com/,info@soymedicinaestetica.com,estetica,Madrid
Clinica estética en Madrid - VenusMed,"C. de Narváez, 65, Retiro, 28009 Madrid",+34 613 05 34 06,https://venusmed.clinic/,info@venusmed.clinic,estetica,Madrid
Eternal Beauty Clínica,"Calle del Príncipe de Vergara, 287, Chamartín, 28016 Madrid",+34 678 04 84 01,https://www.eternalbeautyclinic.com/eternal-beauty-clinic-principe-de-vergara-287/?utm_source=contacto&utm_medium=gmb,pv@eternalbeautyclinic.com,estetica,Madrid
Clínica Trevi | Medicina Estética en Madrid,"C. de Apolonio Morales, 21A, Chamartín, 28036 Madrid",+34 692 82 10 47,https://www.clinicatrevi.com/,n@clinicatrevi.com,estetica,Madrid
Estética y Osteopatía Osteoestétic Angélica Castillo,"Calle del Príncipe de Vergara, 268, 1ºA, Chamartín, 28016 Madrid",+34 660 21 05 33,http://www.osteoestetic.es/,,estetica,Madrid
Clínica Estética Madrid Centro SAPPHIRA PRIVÉ,"C. de las Dos Hermanas, 16, Centro, 28012 Madrid",+34 919 35 01 14,https://clinicaesteticamadridcentro.com/?utm_source=google&utm_medium=organic&utm_campaign=googlemaps&utm_id=clinicaesteticamadridcentro,info@clinicaesteticamadridcentro.com,estetica,Madrid
Clinica Lotus - Medicina Estética en Madrid,"C. de López de Hoyos, 133, Chamartín, 28002 Madrid",+34 619 72 40 09,http://clinicalotus.es/,,estetica,Madrid
Madrid Clínica Estética Dra. Esperanza Sapeg,"C. de Luis Cabrera, 92, Chamartín, 28002 Madrid",+34 675 37 70 97,,,estetica,Madrid
Amarán Estética,"C. de Blasco de Garay, 41, Chamberí, 28015 Madrid",+34 638 40 57 46,https://www.amaranestetica.es/,hola@amaranestetica.es,estetica,Madrid
Anna Vazquez Skin Care,"Cl. de Ayala, 117, Salamanca, 28009 Madrid",,https://www.annavazquezskincare.com/,,estetica,Madrid
Centro de Estética Madrid Ángela Gómez EDLM,"C/ de la Estrella Polar, 13, Retiro, 28007 Madrid",+34 673 87 54 40,https://esteticadelamirada.es/,info@esteticadelamirada.es,estetica,Madrid
Dra. Fercasy,"Calle Velázquez, 73, bajo c, Salamanca, 28006 Madrid",+34 910 27 48 53,https://fercasy.com/,clinica@fercasy.com,estetica,Madrid
AESTHETIC MADRID GOYA,"Calle de Goya, 139, Salamanca, 28009 Madrid",+34 640 32 19 45,http://www.aestheticmadrid.com/,,estetica,Madrid
Clínica de Medicina Estética en Madrid | Durando,"C. Alcalá, 295, 1D, Cdad. Lineal, 28027 Madrid",+34 642 95 67 06,http://www.durandomedicinaestetica.com/,durandomedicinaestetica@gmail.com,estetica,Madrid
Clinica Medicina Estética,"Pl. de Matute, 5, Centro, 28012 Madrid",+34 676 71 74 24,https://femsiebelleza.com/,%20femsiebelleza@gmail.com,estetica,Madrid
Centro De Estetica Maria Rosa,"C. de Nieremberg, 1, Local, Chamartín, 28002 Madrid",+34 619 42 04 64,,,estetica,Madrid
Estética Him and Her Madrid,"C. de Canillas, 4, Chamartín, 28002 Madrid",+34 658 07 48 79,http://www.esteticahimandher.es/,estetica.himandher@gmail.com,estetica,Madrid
Spalook,"C. de Colombia, 18, Chamartín, 28016 Madrid",+34 622 24 72 17,https://spalookrituals.com/,spalookgerencia@gmail.com,estetica,Madrid
Clínica Medicina Estética Dra. Elena Berezo | Madrid,"Calle Velázquez, 115, Local Bajo Izquierda, Salamanca, 28006 Madrid",+34 695 61 13 61,https://drelenaberezo.com/?utm_source=google&utm_medium=GMB&utm_campaign=boton_sitioweb&utm_term=google_my-business,info@drelenaberezo.com,estetica,Madrid
Centro de Estética Merche,"Av. de Alberto Alcocer, 47, Local 14, Chamartín, 28016 Madrid",+34 608 20 00 09,https://chatwith.io/es/instagram/centro-de-estetica-merche,,estetica,Madrid
"Mangata - Centro de Estética Integral,Medicina Estética y Fisioterapia","C. de Víctor Andrés Belaunde, 6, Chamartín, 28016 Madrid",+34 622 83 48 36,https://www.mangataestetica.com/,,estetica,Madrid
Marcy Coutinho Estética Personalizada - Centro de Estética,"Av. de Alberto Alcocer, 48, Chamartín, 28016 Madrid",+34 711 78 55 02,,,estetica,Madrid
The Look Madrid Centro de estética,"C. de Menéndez Pidal, 32, Bajo B, Chamartín, 28036 Madrid",+34 617 73 41 44,https://thelookmadrid.com/,,estetica,Madrid
Montserrat Quirós,"C. de Luis de Salazar, 16, Chamartín, 28002 Madrid",+34 915 15 30 66,https://www.montserratquiros.es/,mq@montserratquiros.es,estetica,Madrid
Chanel Elizalde centro estético,"C. de la Drácena, 15, Chamartín, 28016 Madrid",+34 605 58 98 96,http://instagram.com/bychanelelizalde,,estetica,Madrid
Bienestar Chic,"C. del Aviador Zorita, nº46, Tetuán, 28020 Madrid",+34 915 79 96 17,https://centroesteticamadrid-chic.com.es/,,estetica,Madrid
Brenton Clinic,"C de Víctor de la Serna, 16, Local, Chamartín, 28016 Madrid",+34 910 39 05 37,http://www.brentonclinic.com/,info@brentonclinic.com,estetica,Madrid
The Beauty Concept Chile,"C. de Chile, 10, Chamartín, 28016 Madrid",+34 914 57 25 31,https://thebeautyconcept.com/tbc-chile-10/,tbcchile@thebeautyconcept.com,estetica,Madrid
Edyta Beauty Madrid - Centro de Estética en Castillejos,"C. de Orense, 33, Tetuán, 28020 Madrid",+34 616 85 67 79,https://edytabeauty.net/,edytabeauty@gmail.com,estetica,Madrid
"IN MADRID , CENTRO De Belleza y Bienestar","C. de Fortunata y Jacinta, 12, Tetuán, 28020 Madrid",+34 910 34 99 67,https://sites.google.com/view/inmadrid/inicio,,estetica,Madrid
The Secret Lab - Centro de estética Madrid,"Calle de Zurbano, 4, Bajo izquierda, Chamberí, 28010 Madrid",+34 910 29 11 59,https://thesecretlab.es/,info@thesecretlab.es,estetica,Madrid
"Ecotelier Natural - Estética Natural, Nutrición y Herbolario en Madrid","Calle del Príncipe de Vergara, 215, Chamartín, 28016 Madrid",+34 914 41 30 49,https://www.ecoteliernatural.es/,citas@ecoteliernatural.es,estetica,Madrid
"Eternal Beauty Clinic - Centro de estética, medicina estética y depilación láser","Av. del General Perón, 32, Tetuán, 28020 Madrid",+34 912 42 34 00,https://www.eternalbeautyclinic.com/eternal-beauty-clinic-general-peron-32/?utm_source=contacto&utm_medium=gmb,gp@eternalbeautyclinic.com,estetica,Madrid
Raizen Estética Avanzada,"Cam. de Canillas, 32, Salamanca, 28028 Madrid",+34 635 13 09 73,,,estetica,Madrid
Baobá Belleza,"Metro Plaza España, C. de Juan Álvarez Mendizábal, 3, Moncloa - Aravaca, 28008 Madrid",+34 910 09 77 62,http://www.baobabelleza.com/,baoba@baobabelleza.com,estetica,Madrid
Diana Montoya Estética,"C. de Francisco Suárez, 20, Chamartín, 28036 Madrid",+34 617 82 68 47,http://www.dianamontoya.com/,,estetica,Madrid
Estéticas Contigo,"Av. de Badajoz, 3, local 2A, Cdad. Lineal, 28027 Madrid",+34 642 04 30 02,https://esteticascontigo.com/,hi@typemade.mx,estetica,Madrid
Claudia Ramos Beauty,"C. de Orense, 12, Tetuán, 28020 Madrid",+34 627 07 54 91,,,estetica,Madrid
Centro De Estética Andrea Cano,"C. de Cartagena, 128, Chamartín, 28002 Madrid",+34 911 63 31 21,https://esteticaandreacano.com/,,estetica,Madrid
Felicidad Carrera Centro de Estética,"Calle de Castelló, 67, Salamanca, 28001 Madrid",+34 914 35 17 24,https://felicidadcarrera.com/,dpo@felicidadcarrera.com,estetica,Madrid
INSTITUTO MEDICINA ESTÉTICA | IME,"C. de Vallehermoso, 9, Chamberí, 28015 Madrid",+34 623 51 23 38,https://institutomedicinaestetica.com/,info@institutomedicinaestetica.com,estetica,Madrid
Clínica Esvital,"C. de López de Hoyos, 15, 1 Centro, Salamanca, 28006 Madrid",+34 690 91 82 00,https://clinicaesvital.com/,contacto@clinicaesvital.com,estetica,Madrid
MONICA RUIZ CENTRO ESTÉTICO,"C/ de Feijóo, 8, Chamberí, 28010 Madrid",+34 683 37 58 12,https://monicaruizesteticachamberi.es/,monicaruizcentroestetico8@gmail.com,estetica,Madrid
Clinique Beauté - Centro De Belleza,"C. de Ríos Rosas, 39, Chamberí, 28003 Madrid",+34 644 74 71 66,http://www.cliniquebeaute.es/,info@cliniquebeaute.es,estetica,Madrid
Estética Iris Madrid,"Calle del Dr. Fleming, 60, A, Chamartín, 28036 Madrid",+34 630 33 04 03,https://www.esteticairismadrid.es/,info@esteticairismadrid.es,estetica,Madrid
"Top Sun and Beauty / Centro de estética y bronceado. INDIBA, LPG, LÁSER SHR, ELÉCTRICA","Av. de América, 12, Salamanca, 28028 Madrid",+34 640 63 22 23,http://www.topsunandbeauty.es/,,estetica,Madrid
Centro estético Madrid | INDIBA | KOAKAI,"Calle Gurtubay, 8 (Esquina, Calle Velázquez, 17, Salamanca, 28001 Madrid",+34 910 58 24 84,https://www.koakaispain.com/,,estetica,Madrid
Centro Miriam Moreno,"Calle de Zurbano, 22, Chamberí, 28010 Madrid",+34 640 24 83 47,https://miriamclinic.es/,,estetica,Madrid
Clínica Estética Nazaret,"C. de Rosario Pino, 18, 1º, Puerta 1, Tetuán, 28020 Madrid",+34 914 17 85 56,http://www.clinicanazaret.com/,info@clinicanazaret.com,estetica,Madrid
